Make,Model
Acura,CLAutomatic
Acura,CLType-S
Acura,ILX5-Speed
Acura,ILX6-Speed
Acura,ILXAutomatic
Acura,ILXHybrid
Acura,ILXPremium
Acura,ILXTechnology
Acura,IntegraLS
Acura,MDX4WD
Acura,MDXAWD
Acura,MDXBase
Acura,MDXFWD
Acura,MDXSH-AWD
Acura,MDXwith
Acura,RDX4WD
Acura,RDXAWD
Acura,RDXBase
Acura,RDXFWD
Acura,RDXwith
Acura,RL4dr
Acura,RLAutomatic
Acura,RLXAutomatic
Acura,RLXBase
Acura,RLXHybrid
Acura,RLXwith
Acura,RSXAutomatic
Acura,RSXManual
Acura,RSXType-S
Acura,TL2WD
Acura,TL4dr
Acura,TLAutomatic
Acura,TLBase
Acura,TLManual
Acura,TLSH-AWD
Acura,TLSpecial
Acura,TLType-S
Acura,TLwith
Acura,TLXFWD
Acura,TLXSH-AWD
Acura,TSX
Acura,TSX4dr
Acura,TSX5-Speed
Acura,TSXAutomatic
Acura,TSXManual
Acura,TSXSpecial
Acura,ZDXAWD
Alfa,Romeo
AM,General
Aston,Martin
Audi,A3
Audi,A32.0T
Audi,A34dr
Audi,A3Cabriolet
Audi,A3Sedan
Audi,A42.0T
Audi,A42004
Audi,A42004.5
Audi,A42005
Audi,A42005.5
Audi,A42007
Audi,A42007.5
Audi,A42dr
Audi,A44dr
Audi,A45dr
Audi,A4Premium
Audi,A4Prestige
Audi,A4Season
Audi,A4ultra
Audi,A5
Audi,A52.0T
Audi,A52dr
Audi,A62.0T
Audi,A63.0T
Audi,A63.0TDI
Audi,A64dr
Audi,A73.0T
Audi,A74dr
Audi,A8
Audi,A83.0T
Audi,A84.0T
Audi,A84dr
Audi,allroad2.0T
Audi,allroad5dr
Audi,Q3FrontTrak
Audi,Q3quattro
Audi,Q52.0
Audi,Q52.0T
Audi,Q53.0
Audi,Q53.0T
Audi,Q53.0TDI
Audi,Q5quattro
Audi,Q72.0T
Audi,Q73.0T
Audi,Q73.0TDI
Audi,Q7quattro
Audi,RS
Audi,RS42dr
Audi,RS44dr
Audi,RS64dr
Audi,S3Premium
Audi,S3Prestige
Audi,S3quattro
Audi,S42007
Audi,S42dr
Audi,S44dr
Audi,S45dr
Audi,S4quattro
Audi,S5
Audi,S52dr
Audi,S5Cabriolet
Audi,S5Coupe
Audi,S64dr
Audi,S6Premium
Audi,S6quattro
Audi,S7quattro
Audi,S84dr
Audi,S8quattro
Audi,SQ5Premium
Audi,SQ5Prestige
Audi,SQ5quattro
Audi,TT
Audi,TT2dr
Audi,TTCoupe
Audi,TTRoadster
Audi,TTS2dr
Audi,TTSCoupe
Audi,TTSS
Bentley,Arnage4dr
Bentley,Continental
Bentley,Continental2dr
BMW,1
BMW,2
BMW,3
BMW,4
BMW,5
BMW,6
BMW,7
BMW,i3Hatchback
BMW,M32dr
BMW,M34dr
BMW,M3Convertible
BMW,M3Coupe
BMW,M3M3
BMW,M3Sedan
BMW,M4Coupe
BMW,M54dr
BMW,M5Sedan
BMW,M62dr
BMW,X1AWD
BMW,X1sDrive28i
BMW,X1Sports
BMW,X1xDrive
BMW,X1xDrive28i
BMW,X1xDrive35i
BMW,X3AWD
BMW,X3sDrive28i
BMW,X3xDrive28d
BMW,X3xDrive28i
BMW,X3xDrive35i
BMW,X4xDrive28i
BMW,X4xDrive35i
BMW,X4xDriveM40i
BMW,X5
BMW,X5AWD
BMW,X5sDrive35i
BMW,X5xDrive35d
BMW,X5xDrive35i
BMW,X5xDrive40e
BMW,X5xDrive50i
BMW,X6
BMW,X6AWD
BMW,X6sDrive35i
BMW,X6xDrive35i
BMW,X6xDrive50i
BMW,Z3Roadster
BMW,Z3Z3
BMW,Z42dr
BMW,Z4Roadster
BMW,Z4sDrive28i
BMW,Z4sDrive35i
BMW,Z4sDrive35is
BMW,Z4Z4
Buick,CascadaPremium
Buick,Century4dr
Buick,EnclaveAWD
Buick,EnclaveBase
Buick,EnclaveConvenience
Buick,EnclaveFWD
Buick,EnclaveLeather
Buick,EnclavePremium
Buick,EncoreAWD
Buick,EncoreConvenience
Buick,EncoreEncore
Buick,EncoreFWD
Buick,EncoreLeather
Buick,EncorePremium
Buick,EncoreSport
Buick,EnvisionAWD
Buick,EnvisionFWD
Buick,EnvisionPremium
Buick,LaCrosse4dr
Buick,LaCrosseAWD
Buick,LaCrosseFWD
Buick,LeSabre4dr
Buick,Lucerne4dr
Buick,Park
Buick,Rainier4dr
Buick,RainierAWD
Buick,Regal4dr
Buick,RegalBase
Buick,RegalGS
Buick,RegalPremium
Buick,RegalSport
Buick,RegalTurbo
Buick,Rendezvous4dr
Buick,RendezvousCX
Buick,RendezvousCXL
Buick,RendezvousFWD
Buick,Terraza4dr
Buick,Verano1SD
Buick,Verano1SV
Buick,Verano4dr
Buick,VeranoBase
Buick,VeranoConvenience
Buick,VeranoLeather
Buick,VeranoPremium
Buick,VeranoSport
Buick,VeranoVerano
Cadillac,ATS
Cadillac,ATS2.0L
Cadillac,ATS2.5L
Cadillac,ATS3.6L
Cadillac,ATS-V
Cadillac,CT6
Cadillac,CTS
Cadillac,CTS4dr
Cadillac,CTS-V
Cadillac,CTS-V4dr
Cadillac,CTS-VCTS-V
Cadillac,DeVille4dr
Cadillac,DTS4dr
Cadillac,Eldorado2dr
Cadillac,ELRCoupe
Cadillac,Escalade
Cadillac,Escalade2WD
Cadillac,Escalade4dr
Cadillac,Escalade4WD
Cadillac,EscaladeAWD
Cadillac,EscaladeBase
Cadillac,EscaladeLuxury
Cadillac,EscaladePlatinum
Cadillac,EscaladePremium
Cadillac,EscaladeRWD
Cadillac,Seville4dr
Cadillac,SRX4dr
Cadillac,SRXAWD
Cadillac,SRXBase
Cadillac,SRXFWD
Cadillac,SRXLuxury
Cadillac,SRXPerformance
Cadillac,SRXPremium
Cadillac,SRXRWD
Cadillac,SRXStandard
Cadillac,STS4dr
Cadillac,STS-V4dr
Cadillac,XLR2dr
Cadillac,XT5Luxury
Cadillac,XT5Platinum
Cadillac,XT5Premium
Cadillac,XT5Standard
Cadillac,XTS3.6L
Cadillac,XTSAWD
Cadillac,XTSBase
Cadillac,XTSFWD
Cadillac,XTSLuxury
Cadillac,XTSPlatinum
Cadillac,XTSPremium
Cadillac,XTSTurbo
Cadillac,XTSVsport
Chevrolet,Astro
Chevrolet,Avalanche1500
Chevrolet,Avalanche2500
Chevrolet,Avalanche2WD
Chevrolet,Avalanche4WD
Chevrolet,AvalancheLS
Chevrolet,AvalancheLT
Chevrolet,AvalancheLTZ
Chevrolet,Aveo4dr
Chevrolet,Aveo5dr
Chevrolet,Blazer2dr
Chevrolet,Blazer4dr
Chevrolet,C/K
Chevrolet,Camaro2dr
Chevrolet,CamaroConvertible
Chevrolet,CamaroCoupe
Chevrolet,Captiva
Chevrolet,Cavalier2dr
Chevrolet,Cavalier4dr
Chevrolet,Chevy
Chevrolet,City
Chevrolet,Cobalt2dr
Chevrolet,Cobalt4dr
Chevrolet,Colorado2WD
Chevrolet,Colorado4WD
Chevrolet,ColoradoCrew
Chevrolet,ColoradoExtended
Chevrolet,ColoradoRegular
Chevrolet,Corvette
Chevrolet,Corvette2dr
Chevrolet,Corvette427
Chevrolet,CorvetteConvertible
Chevrolet,CorvetteCoupe
Chevrolet,CorvetteGrand
Chevrolet,CorvetteStingray
Chevrolet,CorvetteZ06
Chevrolet,Cruze
Chevrolet,Cruze1LT
Chevrolet,Cruze2LT
Chevrolet,Cruze4dr
Chevrolet,CruzeDiesel
Chevrolet,CruzeECO
Chevrolet,CruzeHatchback
Chevrolet,CruzeL
Chevrolet,CruzeLS
Chevrolet,CruzeLT
Chevrolet,CruzeLTZ
Chevrolet,CruzePremier
Chevrolet,CruzeSedan
Chevrolet,Equinox2WD
Chevrolet,Equinox4dr
Chevrolet,EquinoxAWD
Chevrolet,EquinoxFWD
Chevrolet,Express
Chevrolet,HHR2WD
Chevrolet,HHR4dr
Chevrolet,HHRFWD
Chevrolet,Impala
Chevrolet,Impala1LT
Chevrolet,Impala1LTZ
Chevrolet,Impala2LT
Chevrolet,Impala2LTZ
Chevrolet,Impala4d
Chevrolet,Impala4dr
Chevrolet,ImpalaLimited
Chevrolet,ImpalaLS
Chevrolet,ImpalaLT
Chevrolet,ImpalaLTZ
Chevrolet,ImpalaPolice
Chevrolet,ImpalaPremier
Chevrolet,ImpalaSEDAN
Chevrolet,Lumina4dr
Chevrolet,Malibu
Chevrolet,Malibu1LT
Chevrolet,Malibu1LTZ
Chevrolet,Malibu1LZ
Chevrolet,Malibu2LT
Chevrolet,Malibu2LTZ
Chevrolet,Malibu2LZ
Chevrolet,Malibu3LT
Chevrolet,Malibu4d
Chevrolet,Malibu4dr
Chevrolet,MalibuECO
Chevrolet,MalibuFleet
Chevrolet,MalibuHybrid
Chevrolet,MalibuLS
Chevrolet,MalibuLT
Chevrolet,MalibuLTZ
Chevrolet,MalibuPremier
Chevrolet,Monte
Chevrolet,New
Chevrolet,Prizm4dr
Chevrolet,S-102WD
Chevrolet,S-104WD
Chevrolet,Silverado
Chevrolet,SonicHatch
Chevrolet,SonicHatchback
Chevrolet,SonicSedan
Chevrolet,Spark
Chevrolet,Spark1LT
Chevrolet,Spark2LT
Chevrolet,SparkLS
Chevrolet,SSRRegular
Chevrolet,SSSedan
Chevrolet,Suburban1500
Chevrolet,Suburban2500
Chevrolet,Suburban2WD
Chevrolet,Suburban4dr
Chevrolet,Suburban4WD
Chevrolet,SuburbanLS
Chevrolet,SuburbanLT
Chevrolet,SuburbanLTZ
Chevrolet,Tahoe
Chevrolet,Tahoe1500
Chevrolet,Tahoe2WD
Chevrolet,Tahoe4dr
Chevrolet,Tahoe4WD
Chevrolet,TahoeCommercial
Chevrolet,TahoeLS
Chevrolet,TahoeLT
Chevrolet,TahoeLTZ
Chevrolet,TahoePolice
Chevrolet,TahoePremier
Chevrolet,Tracker2dr
Chevrolet,Tracker4dr
Chevrolet,TrailBlazer2WD
Chevrolet,TrailBlazer4dr
Chevrolet,TrailBlazer4WD
Chevrolet,Traverse1LT
Chevrolet,Traverse2LT
Chevrolet,TraverseAWD
Chevrolet,TraverseFWD
Chevrolet,TraverseLS
Chevrolet,TraverseLTZ
Chevrolet,TraxAWD
Chevrolet,TraxFWD
Chevrolet,Uplander4dr
Chevrolet,Venture4dr
Chevrolet,VentureExt
Chevrolet,Volt5dr
Chevrolet,VoltBase
Chevrolet,VoltLT
Chevrolet,VoltPlug-In
Chevrolet,VoltPremier
Chrysler,2002dr
Chrysler,2004dr
Chrysler,200C
Chrysler,200Convertible
Chrysler,200Limited
Chrysler,200LX
Chrysler,200S
Chrysler,200Sedan
Chrysler,200Touring
Chrysler,300300C
Chrysler,300300S
Chrysler,3004dr
Chrysler,300John
Chrysler,300Limited
Chrysler,300Luxury
Chrysler,300M4dr
Chrysler,300Motown
Chrysler,300SRT8
Chrysler,300Uptown
Chrysler,Aspen2WD
Chrysler,Aspen4WD
Chrysler,AspenAWD
Chrysler,AspenRWD
Chrysler,Concorde4dr
Chrysler,Crossfire2dr
Chrysler,Pacifica2004
Chrysler,Pacifica4dr
Chrysler,PacificaLimited
Chrysler,PacificaLX
Chrysler,PacificaTouring
Chrysler,PacificaTouring-L
Chrysler,Prowler2dr
Chrysler,PT
Chrysler,Sebring
Chrysler,Sebring2004
Chrysler,Sebring2004.5
Chrysler,Sebring2dr
Chrysler,Sebring4dr
Chrysler,Town
Chrysler,Voyager4dr
Dodge,Avenger4dr
Dodge,AvengerR/T
Dodge,AvengerSE
Dodge,AvengerSXT
Dodge,Caliber4dr
Dodge,CaliberSXT
Dodge,Caravan4
Dodge,Caravan4dr
Dodge,CaravanSE
Dodge,CaravanSport
Dodge,CaravanSXT
Dodge,Challenger2dr
Dodge,Challenger392
Dodge,ChallengerR/T
Dodge,ChallengerRallye
Dodge,ChallengerScat
Dodge,ChallengerShaker
Dodge,ChallengerSRT
Dodge,ChallengerSRT8
Dodge,ChallengerSXT
Dodge,Charger4dr
Dodge,ChargerDaytona
Dodge,ChargerPolice
Dodge,ChargerR/T
Dodge,ChargerRoad/Track
Dodge,ChargerRT
Dodge,ChargerSE
Dodge,ChargerSRT
Dodge,ChargerSRT8
Dodge,ChargerSXT
Dodge,Dakota2WD
Dodge,Dakota4WD
Dodge,DartAero
Dodge,DartGT
Dodge,DartLimited
Dodge,DartRallye
Dodge,DartSE
Dodge,DartSXT
Dodge,Durango2WD
Dodge,Durango4dr
Dodge,Durango4WD
Dodge,DurangoAWD
Dodge,DurangoCitadel
Dodge,DurangoCrew
Dodge,DurangoGT
Dodge,DurangoLimited
Dodge,DurangoR/T
Dodge,DurangoSXT
Dodge,Grand
Dodge,Intrepid4dr
Dodge,JourneyAmerican
Dodge,JourneyAWD
Dodge,JourneyCrew
Dodge,JourneyCrossroad
Dodge,JourneyFWD
Dodge,JourneyGT
Dodge,JourneyLimited
Dodge,JourneyR/T
Dodge,JourneySE
Dodge,JourneySXT
Dodge,Magnum4dr
Dodge,Neon4dr
Dodge,Nitro2WD
Dodge,Nitro4WD
Dodge,NitroR/T
Dodge,NitroSE
Dodge,NitroSLT/RT
Dodge,NitroSXT
Dodge,Ram
Dodge,Sprinter
Dodge,Sprinter2500
Dodge,Sprinter3500
Dodge,Stratus
Dodge,Stratus2004
Dodge,Stratus2dr
Dodge,Stratus4dr
Dodge,Viper2dr
FIAT,124
FIAT,500Abarth
FIAT,500cAbarth
FIAT,500cLounge
FIAT,500cPop
FIAT,500e
FIAT,500eBATTERY
FIAT,500Gucci
FIAT,500LEasy
FIAT,500LLounge
FIAT,500Lounge
FIAT,500LPop
FIAT,500LTrekking
FIAT,500LUrbana
FIAT,500Pop
FIAT,500Ribelle
FIAT,500Sport
FIAT,500Turbo
FIAT,500XAWD
FIAT,500XFWD
FIAT,500XTrekking
Fisker,Karma4dr
Ford,C-Max
Ford,Contour4dr
Ford,Crown
Ford,Econoline
Ford,Edge4dr
Ford,EdgeAWD
Ford,EdgeFWD
Ford,EdgeLimited
Ford,EdgeSE
Ford,EdgeSEL
Ford,EdgeSport
Ford,EdgeTitanium
Ford,Escape2WD
Ford,Escape4dr
Ford,Escape4WD
Ford,EscapeFWD
Ford,EscapeS
Ford,EscapeSE
Ford,EscapeSEL
Ford,EscapeTitanium
Ford,EscapeXLS
Ford,Escort2dr
Ford,Escort4dr
Ford,E-Series
Ford,"Excursion137"""
Ford,Expedition
Ford,"Expedition119"""
Ford,Expedition2WD
Ford,Expedition4.6L
Ford,Expedition4dr
Ford,Expedition4WD
Ford,Expedition5.4L
Ford,ExpeditionKing
Ford,ExpeditionLimited
Ford,ExpeditionPlatinum
Ford,ExpeditionXLT
Ford,Explorer
Ford,Explorer2dr
Ford,Explorer2WD
Ford,Explorer4dr
Ford,Explorer4WD
Ford,ExplorerAWD
Ford,ExplorerBase
Ford,ExplorerFWD
Ford,ExplorerLimited
Ford,ExplorerRWD
Ford,ExplorerSport
Ford,ExplorerXLT
Ford,F-150
Ford,F-1502WD
Ford,F-1504WD
Ford,F-150AWD
Ford,F-150King
Ford,F-150Lariat
Ford,F-150Limited
Ford,F-150Platinum
Ford,F-150Regular
Ford,F-150SuperCab
Ford,F-150SuperCrew
Ford,F-150XL
Ford,F-150XLT
Ford,F-250
Ford,F-350
Ford,Fiesta4dr
Ford,Fiesta5dr
Ford,FiestaHatchback
Ford,FiestaSE
Ford,FiestaSedan
Ford,Five
Ford,Flex4dr
Ford,FlexLimited
Ford,FlexSE
Ford,FlexSEL
Ford,Focus
Ford,Focus2dr
Ford,Focus3dr
Ford,Focus4dr
Ford,Focus5dr
Ford,FocusHatchback
Ford,FocusRS
Ford,FocusSE
Ford,FocusSedan
Ford,FocusSEL
Ford,FocusST
Ford,Freestar
Ford,Freestyle4dr
Ford,Fusion
Ford,Fusion4dr
Ford,FusionHybrid
Ford,FusionPlatinum
Ford,FusionS
Ford,FusionSE
Ford,FusionSport
Ford,FusionTitanium
Ford,Mustang2dr
Ford,MustangConvertible
Ford,MustangCoupe
Ford,MustangEcoBoost
Ford,MustangFastback
Ford,MustangGT
Ford,MustangShelby
Ford,MustangV6
Ford,Ranger2WD
Ford,Ranger4WD
Ford,RangerXL
Ford,Super
Ford,Taurus
Ford,Taurus4dr
Ford,TaurusLimited
Ford,TaurusSE
Ford,TaurusSEL
Ford,TaurusSHO
Ford,Thunderbird2dr
Ford,Transit
Ford,Windstar
Freightliner,Sprinter
Genesis,G803.8L
Genesis,G805.0L
Geo,Tracker2dr
GMC,Acadia
GMC,AcadiaAWD
GMC,AcadiaFWD
GMC,Canyon2WD
GMC,Canyon4WD
GMC,CanyonCrew
GMC,CanyonExtended
GMC,Classic
GMC,Denali4dr
GMC,Envoy
GMC,Envoy2WD
GMC,Envoy4dr
GMC,Envoy4WD
GMC,Jimmy4dr
GMC,New
GMC,Safari
GMC,Savana
GMC,Sierra
GMC,Sonoma2WD
GMC,Sonoma4WD
GMC,Suburban1500
GMC,Suburban2500
GMC,TerrainAWD
GMC,TerrainFWD
GMC,Yukon
GMC,Yukon2WD
GMC,Yukon4dr
GMC,Yukon4WD
GMC,YukonAWD
Honda,Accord
Honda,Civic
Honda,CivicContinuously
Honda,CivicDX
Honda,CivicEX
Honda,CivicLX
Honda,CivicManual
Honda,CivicSi
Honda,CivicVP
Honda,CrosstourEX
Honda,CrosstourEX-L
Honda,CR-V2WD
Honda,CR-V4WD
Honda,CR-VAutomatic
Honda,CR-VEX
Honda,CR-VEX-L
Honda,CR-VLX
Honda,CR-VSE
Honda,CR-VTouring
Honda,CR-Z3dr
Honda,CR-ZAutomatic
Honda,CR-ZCVT
Honda,CR-ZEX
Honda,CR-ZManual
Honda,Element2WD
Honda,Element4WD
Honda,Fit5dr
Honda,FitAutomatic
Honda,FitEX
Honda,FitEX-L
Honda,FitLX
Honda,FitManual
Honda,FitSport
Honda,HR-V2WD
Honda,HR-VAWD
Honda,HR-VEX
Honda,HR-VEX-L
Honda,HR-VLX
Honda,Insight5dr
Honda,InsightBase
Honda,InsightCVT
Honda,InsightEX
Honda,InsightLX
Honda,Odyssey4dr
Honda,Odyssey5dr
Honda,OdysseyEX
Honda,OdysseyEX-L
Honda,OdysseyEX-RES
Honda,OdysseyLX
Honda,OdysseySE
Honda,OdysseyTouring
Honda,Passport4WD
Honda,Pilot2WD
Honda,Pilot4WD
Honda,PilotElite
Honda,PilotEX
Honda,PilotEX-L
Honda,PilotLX
Honda,PilotSE
Honda,PilotTouring
Honda,Prelude2dr
Honda,Ridgeline4WD
Honda,RidgelineBlack
Honda,RidgelineRT
Honda,RidgelineRTL
Honda,RidgelineRTL-E
Honda,RidgelineRTL-T
Honda,RidgelineRTS
Honda,RidgelineSE
Honda,RidgelineSport
Honda,S20002dr
Honda,S2000Manual
HUMMER,H24dr
HUMMER,H24WD
HUMMER,H3
HUMMER,H34dr
HUMMER,H34WD
Hyundai,Accent3dr
Hyundai,Accent4dr
Hyundai,Accent5dr
Hyundai,AccentGLS
Hyundai,AccentGS
Hyundai,AccentSE
Hyundai,AccentSport
Hyundai,Azera4dr
Hyundai,AzeraLimited
Hyundai,AzeraSedan
Hyundai,Elantra
Hyundai,Elantra4dr
Hyundai,Elantra5dr
Hyundai,ElantraECO
Hyundai,ElantraGLS
Hyundai,ElantraLimited
Hyundai,ElantraSE
Hyundai,ElantraSport
Hyundai,ElantraValue
Hyundai,Entourage4dr
Hyundai,Equus4dr
Hyundai,EquusSignature
Hyundai,EquusUltimate
Hyundai,Genesis
Hyundai,Genesis3.8
Hyundai,Genesis3.8L
Hyundai,Genesis4dr
Hyundai,Genesis5.0
Hyundai,Genesis5.0L
Hyundai,GenesisV6
Hyundai,Santa
Hyundai,Sonata
Hyundai,Sonata1.6T
Hyundai,Sonata2.0T
Hyundai,Sonata2.4L
Hyundai,Sonata4dr
Hyundai,SonataGLS
Hyundai,SonataLimited
Hyundai,SonataSE
Hyundai,SonataSport
Hyundai,Tiburon2dr
Hyundai,Tucson4dr
Hyundai,Tucson4WD
Hyundai,TucsonAWD
Hyundai,TucsonEco
Hyundai,TucsonFWD
Hyundai,TucsonGL
Hyundai,TucsonGLS
Hyundai,TucsonLimited
Hyundai,TucsonSE
Hyundai,TucsonSport
Hyundai,TucsonWalking
Hyundai,Veloster3dr
Hyundai,VelosterAutomatic
Hyundai,VelosterDual
Hyundai,VelosterManual
Hyundai,VelosterRE:FLEX
Hyundai,VelosterRE:MIX
Hyundai,VelosterTurbo
Hyundai,VeracruzAWD
Hyundai,VeracruzFWD
Hyundai,XG3504dr
INFINITI,EX35AWD
INFINITI,EX35RWD
INFINITI,EX37EX37
INFINITI,FX354dr
INFINITI,FX35AWD
INFINITI,FX35Base
INFINITI,FX35Limited
INFINITI,FX35RWD
INFINITI,FX37FX37
INFINITI,FX45AWD
INFINITI,FX50AWD
INFINITI,G20Luxury
INFINITI,G25
INFINITI,G35
INFINITI,G37
INFINITI,I30Luxury
INFINITI,I30Touring
INFINITI,I35Luxury
INFINITI,JX35JX35
INFINITI,M354dr
INFINITI,M35Base
INFINITI,M35Sport
INFINITI,M35x
INFINITI,M374dr
INFINITI,M37Base
INFINITI,M37M37
INFINITI,M37M37x
INFINITI,M37x
INFINITI,M454dr
INFINITI,M45Base
INFINITI,M45Sport
INFINITI,M564dr
INFINITI,M56M56x
INFINITI,Q40AWD
INFINITI,Q40RWD
INFINITI,Q45Base
INFINITI,Q502.0t
INFINITI,Q503.0t
INFINITI,Q50AWD
INFINITI,Q50Hybrid
INFINITI,Q50Red
INFINITI,Q50RWD
INFINITI,Q60
INFINITI,Q603.0t
INFINITI,Q703.7
INFINITI,Q70LV6
INFINITI,Q70LV8
INFINITI,Q70V6
INFINITI,Q70V8
INFINITI,QX30AWD
INFINITI,QX30FWD
INFINITI,QX30Luxury
INFINITI,QX30Premium
INFINITI,QX30Sport
INFINITI,QX4Luxury
INFINITI,QX4QX4
INFINITI,QX50AWD
INFINITI,QX50RWD
INFINITI,QX562WD
INFINITI,QX564dr
INFINITI,QX564WD
INFINITI,QX56AWD
INFINITI,QX56RWD
INFINITI,QX602WD
INFINITI,QX60AWD
INFINITI,QX60FWD
INFINITI,QX60Hybrid
INFINITI,QX70AWD
INFINITI,QX70RWD
INFINITI,QX70V6
INFINITI,QX802WD
INFINITI,QX804WD
INFINITI,QX80RWD
Isuzu,Ascender4dr
Isuzu,Rodeo4dr
Isuzu,Trooper4dr
Isuzu,VehiCROSS2dr
Jaguar,F-PACE35t
Jaguar,F-TYPEConvertible
Jaguar,F-TYPECoupe
Jaguar,F-TYPEF-Type
Jaguar,S-TYPE4dr
Jaguar,XE20d
Jaguar,XE25t
Jaguar,XE35t
Jaguar,XF20d
Jaguar,XF35t
Jaguar,XF4dr
Jaguar,XFI4
Jaguar,XFPortfolio
Jaguar,XFPremium
Jaguar,XFS
Jaguar,XFSport
Jaguar,XFV6
Jaguar,XFXF
Jaguar,XFXFR-S
Jaguar,XJ4dr
Jaguar,XJAWD
Jaguar,XJL
Jaguar,XJR
Jaguar,XJR-Sport
Jaguar,XJRWD
Jaguar,XJSupercharged
Jaguar,XK
Jaguar,XK2dr
Jaguar,XK82dr
Jaguar,XKCoupe
Jaguar,XKXK
Jaguar,XKXKR
Jaguar,X-TYPE4dr
Jeep,Cherokee4dr
Jeep,Cherokee4WD
Jeep,Cherokee75th
Jeep,CherokeeAltitude
Jeep,CherokeeFWD
Jeep,CherokeeL
Jeep,CherokeeLatitude
Jeep,CherokeeLimited
Jeep,CherokeeSport
Jeep,CherokeeTrailhawk
Jeep,Commander2WD
Jeep,Commander4dr
Jeep,Commander4WD
Jeep,CommanderRWD
Jeep,Compass2WD
Jeep,Compass4WD
Jeep,Compass75th
Jeep,CompassAltitude
Jeep,CompassFWD
Jeep,CompassHigh
Jeep,CompassLatitude
Jeep,CompassLimited
Jeep,CompassSport
Jeep,Grand
Jeep,Liberty2WD
Jeep,Liberty4dr
Jeep,Liberty4WD
Jeep,LibertyRWD
Jeep,Patriot2WD
Jeep,Patriot4WD
Jeep,Patriot75th
Jeep,PatriotAltitude
Jeep,PatriotFWD
Jeep,PatriotHigh
Jeep,PatriotLatitude
Jeep,PatriotLimited
Jeep,PatriotSport
Jeep,Renegade75th
Jeep,RenegadeJustice
Jeep,RenegadeLatitude
Jeep,RenegadeLimited
Jeep,RenegadeSport
Jeep,RenegadeTrailhawk
Jeep,Wrangler
Jeep,Wrangler2dr
Jeep,Wrangler2WD
Jeep,Wrangler4WD
Jeep,Wrangler75th
Jeep,WranglerBackcountry
Jeep,WranglerFreedom
Jeep,WranglerRubicon
Jeep,WranglerRWD
Jeep,WranglerSahara
Jeep,WranglerSport
Jeep,WranglerWillys
Kia,Amanti4dr
Kia,Borrego2WD
Kia,Borrego4WD
Kia,CadenzaLimited
Kia,CadenzaPremium
Kia,CadenzaSedan
Kia,Forte
Kia,Forte4dr
Kia,ForteAutomatic
Kia,ForteEX
Kia,ForteLX
Kia,ForteManual
Kia,ForteS
Kia,ForteSX
Kia,K900Luxury
Kia,K900Premium
Kia,NiroEX
Kia,Optima
Kia,Optima2006.5
Kia,Optima4dr
Kia,OptimaEX
Kia,OptimaLimited
Kia,OptimaLX
Kia,OptimaSX
Kia,OptimaSXL
Kia,Rio4dr
Kia,Rio5-door
Kia,Rio5dr
Kia,RioEX
Kia,RioLX
Kia,RioSedan
Kia,Rondo4dr
Kia,Sedona4dr
Kia,SedonaEX
Kia,SedonaL
Kia,SedonaLimited
Kia,SedonaLX
Kia,SedonaSX
Kia,Sephia4dr
Kia,Sorento2WD
Kia,Sorento4dr
Kia,Sorento4WD
Kia,SorentoAWD
Kia,SorentoEX
Kia,SorentoL
Kia,SorentoLimited
Kia,SorentoLX
Kia,SorentoSX
Kia,Soul
Kia,Soul!
Kia,Soul+
Kia,Soul5dr
Kia,SoulAutomatic
Kia,SoulManual
Kia,Spectra4dr
Kia,Spectra5dr
Kia,Sportage2WD
Kia,Sportage4dr
Kia,Sportage4WD
Kia,SportageAWD
Kia,SportageBase
Kia,SportageEX
Kia,SportageFWD
Kia,SportageLX
Kia,SportageSX
Land,Rover
Lexus,CT
Lexus,CTCT
Lexus,ES
Lexus,ESES
Lexus,GS
Lexus,GSGS
Lexus,GX
Lexus,GXGX
Lexus,GXGX460
Lexus,HS
Lexus,IS
Lexus,ISIS
Lexus,LS
Lexus,LX
Lexus,NX
Lexus,NXAWD
Lexus,NXF
Lexus,NXFWD
Lexus,RC
Lexus,RCRC
Lexus,RX
Lexus,RXRX
Lexus,SC
Lincoln,Aviator4dr
Lincoln,AviatorAWD
Lincoln,Blackwood2WD
Lincoln,Continental4dr
Lincoln,ContinentalPremiere
Lincoln,ContinentalReserve
Lincoln,ContinentalSelect
Lincoln,LS4dr
Lincoln,Mark
Lincoln,MKCAWD
Lincoln,MKCFWD
Lincoln,MKS3.5L
Lincoln,MKS3.7L
Lincoln,MKS4dr
Lincoln,MKT
Lincoln,MKT3.5L
Lincoln,MKT3.7L
Lincoln,MKT4dr
Lincoln,MKTAWD
Lincoln,MKTLivery
Lincoln,MKX2WD
Lincoln,MKX4dr
Lincoln,MKXAWD
Lincoln,MKXFWD
Lincoln,MKXMKX
Lincoln,MKXReserve
Lincoln,MKXSelect
Lincoln,MKZ4dr
Lincoln,MKZAWD
Lincoln,MKZFWD
Lincoln,MKZHybrid
Lincoln,MKZPremiere
Lincoln,MKZReserve
Lincoln,MKZSelect
Lincoln,Navigator
Lincoln,Navigator2WD
Lincoln,Navigator4dr
Lincoln,Navigator4WD
Lincoln,Town
Lincoln,Zephyr4dr
Lotus,Elise2dr
Lotus,Evora2dr
Lotus,Exige2dr
Maserati,GhibliGhibli
Maserati,GhibliSedan
Maserati,GranSport2dr
Maserati,GranTurismo
Maserati,GranTurismo2dr
Maserati,GranTurismoSport
Maserati,Quattroporte4dr
Maserati,QuattroporteGTS
Maserati,QuattroporteS
Maserati,Spyder2dr
Mazda,6264dr
Mazda,B-Series
Mazda,CX-3AWD
Mazda,CX-3FWD
Mazda,CX-52016.5
Mazda,CX-5Grand
Mazda,CX-5Sport
Mazda,CX-5Touring
Mazda,CX-7AWD
Mazda,CX-7FWD
Mazda,CX-92WD
Mazda,CX-9AWD
Mazda,CX-9FWD
Mazda,CX-9Grand
Mazda,CX-9Sport
Mazda,CX-9Touring
Mazda,Mazda24dr
Mazda,Mazda2Sport
Mazda,Mazda2Touring
Mazda,Mazda3
Mazda,Mazda34dr
Mazda,Mazda35dr
Mazda,Mazda3i
Mazda,Mazda3MAZDASPEED3
Mazda,Mazda3s
Mazda,Mazda54dr
Mazda,Mazda55dr
Mazda,Mazda5Grand
Mazda,Mazda5Sport
Mazda,Mazda5Touring
Mazda,Mazda64dr
Mazda,MAZDA65dr
Mazda,Mazda6Grand
Mazda,Mazda6i
Mazda,Mazda6s
Mazda,Mazda6Sport
Mazda,Mazda6Touring
Mazda,MPV4dr
Mazda,MX5
Mazda,Protege4dr
Mazda,Protege55dr
Mazda,RX-84dr
Mazda,Tribute2.3L
Mazda,Tribute3.0L
Mazda,Tribute4WD
Mazda,TributeFWD
Mercedes-Benz,B-ClassElectric
Mercedes-Benz,C-Class4dr
Mercedes-Benz,C-ClassAMG
Mercedes-Benz,C-ClassC
Mercedes-Benz,C-ClassC230
Mercedes-Benz,C-ClassC240
Mercedes-Benz,C-ClassC250
Mercedes-Benz,C-ClassC280
Mercedes-Benz,C-ClassC300
Mercedes-Benz,C-ClassC320
Mercedes-Benz,C-ClassC350
Mercedes-Benz,C-ClassC400
Mercedes-Benz,C-ClassC450
Mercedes-Benz,C-ClassC63
Mercedes-Benz,CLACLA
Mercedes-Benz,CLACLA250
Mercedes-Benz,CLA-ClassCLA250
Mercedes-Benz,CLA-ClassCLA45
Mercedes-Benz,CL-Class2dr
Mercedes-Benz,CL-ClassCL500
Mercedes-Benz,CL-ClassCL55
Mercedes-Benz,CL-ClassCL550
Mercedes-Benz,CL-ClassCL600
Mercedes-Benz,CLK-Class2dr
Mercedes-Benz,CLK-ClassCLK320
Mercedes-Benz,CLK-ClassCLK350
Mercedes-Benz,CLK-ClassCLK430
Mercedes-Benz,CLK-ClassCLK500
Mercedes-Benz,CLK-ClassCLK55
Mercedes-Benz,CLS-Class4dr
Mercedes-Benz,CLS-ClassCLS400
Mercedes-Benz,CLS-ClassCLS500
Mercedes-Benz,CLS-ClassCLS55
Mercedes-Benz,CLS-ClassCLS550
Mercedes-Benz,CLS-ClassCLS63
Mercedes-Benz,CLSCLS400
Mercedes-Benz,E-Class2dr
Mercedes-Benz,E-Class4dr
Mercedes-Benz,E-ClassE
Mercedes-Benz,E-ClassE250
Mercedes-Benz,E-ClassE300
Mercedes-Benz,E-ClassE320
Mercedes-Benz,E-ClassE350
Mercedes-Benz,E-ClassE400
Mercedes-Benz,E-ClassE430
Mercedes-Benz,E-ClassE500
Mercedes-Benz,E-ClassE55
Mercedes-Benz,E-ClassE550
Mercedes-Benz,E-ClassE63
Mercedes-Benz,G-Class4MATIC
Mercedes-Benz,G-Class4WD
Mercedes-Benz,G-ClassG500
Mercedes-Benz,G-ClassG55
Mercedes-Benz,GLA-ClassGLA250
Mercedes-Benz,GLA-ClassGLA45
Mercedes-Benz,GLAGLA
Mercedes-Benz,GLAGLA250
Mercedes-Benz,GLCGLC
Mercedes-Benz,GLCGLC300
Mercedes-Benz,GL-Class4MATIC
Mercedes-Benz,GL-Class4WD
Mercedes-Benz,GL-ClassGL350
Mercedes-Benz,GL-ClassGL450
Mercedes-Benz,GL-ClassGL550
Mercedes-Benz,GLEGLE
Mercedes-Benz,GLEGLE350
Mercedes-Benz,GLEGLE400
Mercedes-Benz,GLGL450
Mercedes-Benz,GLK-Class4MATIC
Mercedes-Benz,GLK-ClassGLK250
Mercedes-Benz,GLK-ClassGLK350
Mercedes-Benz,GLK-ClassRWD
Mercedes-Benz,GLSGLS
Mercedes-Benz,M-Class4MATIC
Mercedes-Benz,M-Class4WD
Mercedes-Benz,M-ClassML
Mercedes-Benz,M-ClassML250
Mercedes-Benz,M-ClassML320
Mercedes-Benz,M-ClassML350
Mercedes-Benz,M-ClassML400
Mercedes-Benz,M-ClassML500
Mercedes-Benz,M-ClassML550
Mercedes-Benz,M-ClassML63
Mercedes-Benz,M-ClassRWD
Mercedes-Benz,Metris
Mercedes-Benz,R-Class4dr
Mercedes-Benz,R-Class4MATIC
Mercedes-Benz,R-Class4WD
Mercedes-Benz,R-ClassR350
Mercedes-Benz,R-ClassR500
Mercedes-Benz,S-Class4dr
Mercedes-Benz,S-ClassS320
Mercedes-Benz,S-ClassS350
Mercedes-Benz,S-ClassS430
Mercedes-Benz,S-ClassS500
Mercedes-Benz,S-ClassS55
Mercedes-Benz,S-ClassS550
Mercedes-Benz,S-ClassS600
Mercedes-Benz,S-ClassS63
Mercedes-Benz,SLCAMG
Mercedes-Benz,SL-Class2dr
Mercedes-Benz,SL-ClassSL400
Mercedes-Benz,SL-ClassSL500
Mercedes-Benz,SL-ClassSL55
Mercedes-Benz,SL-ClassSL550
Mercedes-Benz,SL-ClassSL600
Mercedes-Benz,SL-ClassSL63
Mercedes-Benz,SL-ClassSL65
Mercedes-Benz,SLCSLC
Mercedes-Benz,SLK-Class2dr
Mercedes-Benz,SLK-ClassSLK230
Mercedes-Benz,SLK-ClassSLK250
Mercedes-Benz,SLK-ClassSLK280
Mercedes-Benz,SLK-ClassSLK320
Mercedes-Benz,SLK-ClassSLK350
Mercedes-Benz,SLK-ClassSLK55
Mercedes-Benz,SLKSLK300
Mercedes-Benz,Sprinter
Mercury,Cougar3dr
Mercury,Grand
Mercury,Mariner4dr
Mercury,Mariner4WD
Mercury,MarinerFWD
Mercury,Milan4dr
Mercury,Montego4dr
Mercury,Monterey4dr
Mercury,Mountaineer2WD
Mercury,Mountaineer4dr
Mercury,MountaineerAWD
Mercury,MountaineerRWD
Mercury,Sable4dr
Mercury,Villager5dr
MINI,ClubmanCooper
MINI,ConvertibleCooper
MINI,Cooper
MINI,CountrymanCooper
MINI,Hardtop
Mitsubishi,3000GT2dr
Mitsubishi,Diamante4dr
Mitsubishi,Eclipse2dr
Mitsubishi,Eclipse3dr
Mitsubishi,EclipseAuto
Mitsubishi,Endeavor4dr
Mitsubishi,EndeavorAWD
Mitsubishi,EndeavorFWD
Mitsubishi,EndeavorLS
Mitsubishi,Galant4dr
Mitsubishi,GalantES
Mitsubishi,GalantFE
Mitsubishi,i-MiEV4dr
Mitsubishi,Lancer
Mitsubishi,Lancer4dr
Mitsubishi,Lancer5dr
Mitsubishi,LancerCVT
Mitsubishi,LancerES
Mitsubishi,LancerGT
Mitsubishi,LancerRalliart
Mitsubishi,LancerSE
Mitsubishi,Mirage
Mitsubishi,MirageDE
Mitsubishi,MirageES
Mitsubishi,Montero
Mitsubishi,Montero4dr
Mitsubishi,Outlander
Mitsubishi,Outlander2WD
Mitsubishi,Outlander4dr
Mitsubishi,Outlander4WD
Mitsubishi,OutlanderAWD
Mitsubishi,OutlanderES
Mitsubishi,OutlanderGT
Mitsubishi,OutlanderSE
Mitsubishi,OutlanderSEL
Mitsubishi,Raider2WD
Mitsubishi,RaiderDouble
Nissan,350Z2dr
Nissan,370Z2dr
Nissan,370ZCoupe
Nissan,370ZRoadster
Nissan,Altima2.5
Nissan,Altima2017.5
Nissan,Altima2dr
Nissan,Altima3.5
Nissan,Altima4dr
Nissan,AltimaCoupe
Nissan,AltimaSedan
Nissan,Armada2WD
Nissan,Armada4WD
Nissan,ArmadaLE
Nissan,ArmadaPlatinum
Nissan,ArmadaSE
Nissan,ArmadaSL
Nissan,ArmadaSV
Nissan,cube5dr
Nissan,cubeS
Nissan,cubeSL
Nissan,Frontier
Nissan,Frontier2WD
Nissan,Frontier4WD
Nissan,FrontierCrew
Nissan,FrontierKing
Nissan,GT-R2dr
Nissan,JUKE5dr
Nissan,JUKEAWD
Nissan,JUKEFWD
Nissan,JUKENISMO
Nissan,JUKES
Nissan,JUKESL
Nissan,JUKESV
Nissan,LEAF4dr
Nissan,LEAFS
Nissan,LEAFSL
Nissan,LEAFSV
Nissan,Maxima3.5
Nissan,Maxima4dr
Nissan,MaximaPlatinum
Nissan,MaximaS
Nissan,MaximaSL
Nissan,MaximaSR
Nissan,MaximaSV
Nissan,Murano
Nissan,Murano2017.5
Nissan,Murano2WD
Nissan,Murano4dr
Nissan,MuranoAWD
Nissan,MuranoFWD
Nissan,MuranoLE
Nissan,MuranoS
Nissan,MuranoSL
Nissan,MuranoSV
Nissan,NV
Nissan,NV1500
Nissan,NV200
Nissan,NV200S
Nissan,NV200SV
Nissan,NV2500
Nissan,NV3500
Nissan,NVHigh
Nissan,NVP3500
Nissan,NVPV6
Nissan,NVPV8
Nissan,NVStandard
Nissan,Pathfinder
Nissan,Pathfinder2WD
Nissan,Pathfinder4dr
Nissan,Pathfinder4WD
Nissan,PathfinderHybrid
Nissan,PathfinderLE
Nissan,PathfinderPlatinum
Nissan,PathfinderS
Nissan,PathfinderSE
Nissan,PathfinderSL
Nissan,PathfinderSV
Nissan,PathfinderXE
Nissan,Quest4dr
Nissan,QuestLE
Nissan,QuestPlatinum
Nissan,QuestS
Nissan,QuestSL
Nissan,QuestSV
Nissan,Rogue
Nissan,Rogue2017.5
Nissan,RogueAWD
Nissan,RogueFWD
Nissan,RogueS
Nissan,RogueSL
Nissan,RogueSV
Nissan,Sentra4dr
Nissan,SentraFE+
Nissan,SentraS
Nissan,SentraSL
Nissan,SentraSR
Nissan,SentraSV
Nissan,Titan
Nissan,Titan2WD
Nissan,Titan4WD
Nissan,TitanCrew
Nissan,TitanKing
Nissan,Trucks
Nissan,Versa
Nissan,Versa1.6
Nissan,Versa4dr
Nissan,Versa5dr
Nissan,VersaS
Nissan,VersaSL
Nissan,VersaSV
Nissan,Xterra2WD
Nissan,Xterra4dr
Nissan,Xterra4WD
Nissan,XterraPRO-4X
Nissan,XterraS
Nissan,XterraX
Oldsmobile,884dr
Oldsmobile,Alero2dr
Oldsmobile,Alero4dr
Oldsmobile,Aurora4dr
Oldsmobile,Bravada4dr
Oldsmobile,Intrigue4dr
Oldsmobile,Silhouette4dr
Plymouth,Neon4dr
Plymouth,Prowler2dr
Plymouth,Voyager4
Pontiac,Aztek4dr
Pontiac,Bonneville4dr
Pontiac,Firebird2dr
Pontiac,G35dr
Pontiac,G52dr
Pontiac,G62dr
Pontiac,G64dr
Pontiac,G84dr
Pontiac,Grand
Pontiac,GTO2dr
Pontiac,Montana
Pontiac,Montana4dr
Pontiac,Solstice2dr
Pontiac,Sunfire2dr
Pontiac,Sunfire4dr
Pontiac,TorrentAWD
Pontiac,TorrentFWD
Pontiac,TorrentTorrent
Pontiac,Vibe4dr
Porsche,911
Porsche,9112dr
Porsche,Boxster2dr
Porsche,BoxsterRoadster
Porsche,BoxsterRWD
Porsche,Cayenne4dr
Porsche,CayenneAWD
Porsche,CayenneDiesel
Porsche,CayenneGTS
Porsche,CayenneManual
Porsche,CayennePlatinum
Porsche,CayenneS
Porsche,CayenneTiptronic
Porsche,CayenneTurbo
Porsche,Cayman2dr
Porsche,CaymanCoupe
Porsche,CaymanRWD
Porsche,MacanAWD
Porsche,MacanS
Porsche,MacanTurbo
Porsche,Panamera4
Porsche,Panamera4dr
Porsche,Panamera4S
Porsche,Panamerabase
Porsche,PanameraGTS
Porsche,PanameraPlatinum
Porsche,PanameraRWD
Porsche,PanameraS
Ram,3500
Ram,15002WD
Ram,15004WD
Ram,1500Big
Ram,1500Express
Ram,"1500Express,"
Ram,"1500HFE,"
Ram,1500Laramie
Ram,"1500Laramie,"
Ram,1500Limited
Ram,1500Lone
Ram,1500Longhorn
Ram,"1500Longhorn,"
Ram,"1500Outdoorsman,"
Ram,"1500R/T,"
Ram,1500Rebel
Ram,"1500Rebel,"
Ram,1500SLT
Ram,"1500SLT,"
Ram,1500Sport
Ram,"1500Sport,"
Ram,1500Tradesman
Ram,"1500Tradesman,"
Ram,25002WD
Ram,25004WD
Ram,2500Big
Ram,2500Laramie
Ram,"2500Laramie,"
Ram,2500Lone
Ram,2500Longhorn
Ram,"2500Longhorn,"
Ram,"2500Outdoorsman,"
Ram,2500Power
Ram,"2500SLT,"
Ram,2500Tradesman
Ram,"2500Tradesman,"
Ram,35002WD
Ram,35004WD
Ram,3500Big
Ram,3500Laramie
Ram,"3500Laramie,"
Ram,3500Lone
Ram,3500Longhorn
Ram,"3500Longhorn,"
Ram,3500SLT
Ram,"3500SLT,"
Ram,3500Tradesman
Ram,"3500Tradesman,"
Ram,45002WD
Ram,45004WD
Ram,55002WD
Ram,55004WD
Ram,Cargo
Ram,Dakota2WD
Ram,Dakota4WD
Ram,ProMaster
Saab,9-2X4dr
Saab,9-32.0T
Saab,9-32dr
Saab,9-34dr
Saab,9-35dr
Saab,9-3Aero
Saab,9-54dr
Saab,9-7XAWD
Saturn,Astra3dr
Saturn,Astra5dr
Saturn,Aura4dr
Saturn,Ion4dr
Saturn,IonION
Saturn,L-SeriesL300
Saturn,LSL-200
Saturn,LSL-300
Saturn,OutlookAWD
Saturn,OutlookFWD
Saturn,Relay4dr
Saturn,SC
Saturn,Sky2dr
Saturn,SLSL1
Saturn,SLSL2
Saturn,VUE4dr
Saturn,VUEAWD
Saturn,VUEFWD
Saturn,VUEVUE
Scion,FR-S2dr
Scion,FR-SAutomatic
Scion,FR-SManual
Scion,iA4dr
Scion,iAAutomatic
Scion,iAManual
Scion,iM5dr
Scion,iMAutomatic
Scion,iMManual
Scion,iQ3dr
Scion,iQbase
Scion,iQHatchback
Scion,tC2dr
Scion,tC3dr
Scion,tCAutomatic
Scion,tCManual
Scion,xA4dr
Scion,xB5dr
Scion,xB686
Scion,xBAutomatic
Scion,xBManual
Scion,xD5dr
Scion,xDAutomatic
Scion,xDManual
smart,fortwo
smart,fortwo2dr
smart,fortwoCoupe
smart,fortwopassion
smart,fortwoPrime
smart,fortwopure
Subaru,B9
Subaru,Baja4dr
Subaru,BRZLimited
Subaru,BRZPremium
Subaru,BRZSeries.Blue
Subaru,Crosstrek
Subaru,Crosstrek2.0i
Subaru,CrosstrekLimited
Subaru,CrosstrekManual
Subaru,CrosstrekPremium
Subaru,Forester2.0XT
Subaru,Forester2.5i
Subaru,Forester2.5X
Subaru,Forester2.5XT
Subaru,Forester4dr
Subaru,ForesterAWD
Subaru,Impreza
Subaru,Impreza4-door
Subaru,Impreza5-door
Subaru,ImprezaLimited
Subaru,ImprezaPremium
Subaru,ImprezaSport
Subaru,Legacy
Subaru,Legacy2.5i
Subaru,Legacy3.6R
Subaru,Legacy4dr
Subaru,Outback
Subaru,Outback2.5i
Subaru,Outback3.6R
Subaru,Outback4dr
Subaru,Tribeca3.6R
Subaru,Tribeca4dr
Subaru,WRX
Subaru,WRXCVT
Subaru,WRXManual
Subaru,WRXSTI
Subaru,XV
Suzuki,Aerio4dr
Suzuki,Equator2WD
Suzuki,Equator4WD
Suzuki,Forenza4dr
Suzuki,Grand
Suzuki,Kizashi4dr
Suzuki,Reno4dr
Suzuki,SX44dr
Suzuki,SX45dr
Suzuki,SX4Sedan
Suzuki,XL-74dr
Suzuki,XL-7AWD
Suzuki,XL-7FWD
Tesla,Model
Toyota,4Runner2WD
Toyota,4Runner4dr
Toyota,4Runner4WD
Toyota,4Runner4x2
Toyota,4Runner4x4
Toyota,4RunnerRWD
Toyota,86Automatic
Toyota,86Manual
Toyota,Avalon
Toyota,Avalon4dr
Toyota,AvalonLimited
Toyota,AvalonPremium
Toyota,AvalonTouring
Toyota,AvalonXLE
Toyota,Camry
Toyota,Camry2014.5
Toyota,Camry4dr
Toyota,CamryHybrid
Toyota,CamryL
Toyota,CamryLE
Toyota,CamrySE
Toyota,CamryXLE
Toyota,CamryXSE
Toyota,Celica3dr
Toyota,Corolla
Toyota,Corolla4dr
Toyota,CorollaECO
Toyota,CorollaL
Toyota,CorollaLE
Toyota,CorollaS
Toyota,CorollaSE
Toyota,CorollaXLE
Toyota,CorollaXSE
Toyota,Echo4dr
Toyota,FJ
Toyota,Highlander
Toyota,Highlander2WD
Toyota,Highlander4dr
Toyota,Highlander4WD
Toyota,Highlander4X2
Toyota,Highlander4X4
Toyota,HighlanderAWD
Toyota,HighlanderFWD
Toyota,HighlanderHybrid
Toyota,HighlanderLE
Toyota,HighlanderLimited
Toyota,HighlanderSE
Toyota,HighlanderXLE
Toyota,Land
Toyota,Matrix5dr
Toyota,MatrixL
Toyota,MR2
Toyota,Prius
Toyota,Prius4dr
Toyota,Prius5dr
Toyota,PriusFive
Toyota,PriusFour
Toyota,PriusOne
Toyota,PriusPersona
Toyota,PriusThree
Toyota,PriusTwo
Toyota,RAV4
Toyota,RAV42WD
Toyota,RAV44dr
Toyota,RAV44WD
Toyota,RAV44X2
Toyota,RAV44X4
Toyota,RAV4AWD
Toyota,RAV4FWD
Toyota,RAV4LE
Toyota,RAV4Limited
Toyota,RAV4Platinum
Toyota,RAV4SE
Toyota,RAV4XLE
Toyota,Sequoia2WD
Toyota,Sequoia4dr
Toyota,Sequoia4WD
Toyota,Sequoia4X2
Toyota,Sequoia4X4
Toyota,SequoiaLimited
Toyota,SequoiaPlatinum
Toyota,SequoiaRWD
Toyota,SequoiaSR5
Toyota,Sienna5dr
Toyota,SiennaBase
Toyota,SiennaL
Toyota,"SiennaL,"
Toyota,SiennaLE
Toyota,"SiennaLE,"
Toyota,SiennaLimited
Toyota,"SiennaLimited,"
Toyota,SiennaSE
Toyota,"SiennaSE,"
Toyota,SiennaXLE
Toyota,"SiennaXLE,"
Toyota,T100XtraCab
Toyota,Tacoma2WD
Toyota,Tacoma4WD
Toyota,TacomaAccess
Toyota,TacomaDouble
Toyota,TacomaRegular
Toyota,Tundra
Toyota,Tundra2WD
Toyota,Tundra4WD
Toyota,Venza4dr
Toyota,VenzaLE
Toyota,"VenzaLE,"
Toyota,VenzaLimited
Toyota,"VenzaLimited,"
Toyota,VenzaXLE
Toyota,"VenzaXLE,"
Toyota,Yaris
Toyota,Yaris3-Door
Toyota,Yaris3dr
Toyota,Yaris4dr
Toyota,Yaris5-Door
Toyota,Yaris5dr
Toyota,YarisBase
Toyota,YarisFleet
Toyota,YarisL
Toyota,YarisSedan
Volkswagen,Beetle
Volkswagen,Beetle2dr
Volkswagen,BeetleS
Volkswagen,Cabrio2dr
Volkswagen,CC2.0T
Volkswagen,CC4dr
Volkswagen,CCDSG
Volkswagen,CCExecutive
Volkswagen,CCLux
Volkswagen,CCR-Line
Volkswagen,CCSport
Volkswagen,CCVR6
Volkswagen,e-GolfLimited
Volkswagen,e-GolfSE
Volkswagen,e-GolfSEL
Volkswagen,Eos2dr
Volkswagen,EosExecutive
Volkswagen,EosKomfort
Volkswagen,EosLux
Volkswagen,EosSport
Volkswagen,EuroVan3dr
Volkswagen,GLI4dr
Volkswagen,GLIAutobahn
Volkswagen,GLIBase
Volkswagen,Golf
Volkswagen,Golf2.5L
Volkswagen,Golf2-Door
Volkswagen,Golf2dr
Volkswagen,Golf4-Door
Volkswagen,Golf4dr
Volkswagen,GolfS
Volkswagen,GolfWolfsburg
Volkswagen,GTI2-Door
Volkswagen,GTI2dr
Volkswagen,GTI4-Door
Volkswagen,"GTI4-Door,"
Volkswagen,GTI4dr
Volkswagen,GTIWolfsburg
Volkswagen,Jetta
Volkswagen,Jetta1.4T
Volkswagen,Jetta1.8T
Volkswagen,Jetta4dr
Volkswagen,JettaGLI
Volkswagen,New
Volkswagen,Passat
Volkswagen,Passat1.8T
Volkswagen,Passat2.5L
Volkswagen,Passat3.6L
Volkswagen,Passat4dr
Volkswagen,PassatS
Volkswagen,PassatSE
Volkswagen,PassatTDI
Volkswagen,PassatV6
Volkswagen,PassatWolfsburg
Volkswagen,R322dr
Volkswagen,Rabbit2dr
Volkswagen,Rabbit4dr
Volkswagen,Routan4dr
Volkswagen,RoutanSE
Volkswagen,Tiguan2WD
Volkswagen,Tiguan4MOTION
Volkswagen,Tiguan4WD
Volkswagen,TiguanAWD
Volkswagen,TiguanFWD
Volkswagen,TiguanR-Line
Volkswagen,TiguanS
Volkswagen,TiguanSE
Volkswagen,TiguanSEL
Volkswagen,TiguanSport
Volkswagen,TiguanWolfsburg
Volkswagen,Touareg
Volkswagen,Touareg4dr
Volkswagen,TouaregTDI
Volkswagen,TouaregV6
Volvo,C302dr
Volvo,C702.5L
Volvo,C702dr
Volvo,C70T5
Volvo,S402.4L
Volvo,S402.5L
Volvo,S402004.5
Volvo,S404dr
Volvo,S40A
Volvo,S60
Volvo,S602.4
Volvo,S602.4L
Volvo,S602.4T
Volvo,S602.5L
Volvo,S602015.5
Volvo,S604dr
Volvo,S60AWD
Volvo,S60FWD
Volvo,S60T5
Volvo,S60T6
Volvo,S704dr
Volvo,S802015.5
Volvo,S804dr
Volvo,S80T5
Volvo,S80T6
Volvo,S90T5
Volvo,S90T6
Volvo,V502.4L
Volvo,V504dr
Volvo,V60
Volvo,V602015.5
Volvo,V60T5
Volvo,V60T6
Volvo,V702.4
Volvo,V702.4L
Volvo,V702.5L
Volvo,V704dr
Volvo,V705dr
Volvo,V70XC
Volvo,V70XC70
Volvo,XC602015.5
Volvo,XC603.2
Volvo,XC603.2L
Volvo,XC60AWD
Volvo,XC60FWD
Volvo,XC60T5
Volvo,XC60T6
Volvo,XC702.5L
Volvo,XC702015.5
Volvo,XC703.2L
Volvo,XC704dr
Volvo,XC70AWD
Volvo,XC70FWD
Volvo,XC70T5
Volvo,XC70T6
Volvo,XC90
Volvo,XC902.5L
Volvo,XC904dr
Volvo,XC90AWD
Volvo,XC90FWD
Volvo,XC90T5
Volvo,XC90T6
